id;region_name;region_desc;creation_date;logo;logo_content_type
1;International Prático;../fake-data/blob/hipster.txt;2021-04-17T09:13:17;../fake-data/blob/hipster.png;image/png
2;envisioneer Gostoso schemas;../fake-data/blob/hipster.txt;2021-04-17T10:12:03;../fake-data/blob/hipster.png;image/png
3;Sabonete;../fake-data/blob/hipster.txt;2021-04-17T15:02:55;../fake-data/blob/hipster.png;image/png
4;bypass methodical;../fake-data/blob/hipster.txt;2021-04-17T01:27:34;../fake-data/blob/hipster.png;image/png
5;Computador Bebê PNG;../fake-data/blob/hipster.txt;2021-04-17T15:13:19;../fake-data/blob/hipster.png;image/png
6;Lustroso Intranet;../fake-data/blob/hipster.txt;2021-04-17T13:41:32;../fake-data/blob/hipster.png;image/png
7;Internal GB optical;../fake-data/blob/hipster.txt;2021-04-17T01:52:34;../fake-data/blob/hipster.png;image/png
8;Internal Jogos;../fake-data/blob/hipster.txt;2021-04-17T05:56:31;../fake-data/blob/hipster.png;image/png
9;Cambridgeshire;../fake-data/blob/hipster.txt;2021-04-16T17:44:02;../fake-data/blob/hipster.png;image/png
10;system withdrawal;../fake-data/blob/hipster.txt;2021-04-16T21:26:46;../fake-data/blob/hipster.png;image/png
